"Task ID","Created At","Completed At","Last Modified","Name","Section/Column","Assignee","Assignee Email","Start Date","Due Date","Tags","Notes","Projects","Parent task","Blocked By (Dependencies)","Blocking (Dependencies)","Priority","Tags (imported)"
"","2026-01-28","","2026-01-28","Codex YOLO maintenance for oneclickcontent-titles","Web Projects - James","James Wilson | S","james.wilson@centerstone.org","","","","Codex YOLO run on 2026-01-28 for oneclickcontent-titles. PHPCS: 0 errors, 0 warnings. Git: main 5d5986e8bfbe01725b21221baed1517e05e5ddee.","COA | Web","","","","Medium",""
"","2026-02-10","","2026-02-10","Codex YOLO maintenance for oneclickcontent-titles","Web Projects - James","James Wilson | S","james.wilson@centerstone.org","","","","Codex YOLO run on 2026-02-10 for oneclickcontent-titles. PHPCS: 0
0 errors, 0
0 warnings. Git: main 53cde26c2a4c1fd36dbd31475d2ac1248fb15e4b.","COA | Web","","","","Medium",""
"","2026-02-10","","2026-02-10","Codex YOLO maintenance for oneclickcontent-titles","Web Projects - James","James Wilson | S","james.wilson@centerstone.org","","","","Codex YOLO run on 2026-02-10 for oneclickcontent-titles. PHPCS: 0
0 errors, 0
0 warnings. Git: main 754f3170649cb1f9bc0e32d8e5b8a01057bcb1d3.","COA | Web","","","","Medium",""
"","2026-02-10","","2026-02-10","Codex YOLO maintenance for oneclickcontent-titles","Web Projects - James","James Wilson | S","james.wilson@centerstone.org","","","","Codex YOLO run on 2026-02-10 for oneclickcontent-titles. PHPCS: 0

━━━━━━━━━━━━━━━━━━━━━━━━━━━━━━━━━━━━
✨ Codex YOLO Summary
━━━━━━━━━━━━━━━━━━━━━━━━━━━━━━━━━━━━
📊 PHPCS Results: 0


0 errors, 0

━━━━━━━━━━━━━━━━━━━━━━━━━━━━━━━━━━━━
✨ Codex YOLO Summary
━━━━━━━━━━━━━━━━━━━━━━━━━━━━━━━━━━━━
📊 PHPCS Results: 0


0 warnings. Git: main

━━━━━━━━━━━━━━━━━━━━━━━━━━━━━━━━━━━━
✨ Codex YOLO Summary
━━━━━━━━━━━━━━━━━━━━━━━━━━━━━━━━━━━━
📊 PHPCS Results: 0 f3e0c58fb7181ce7ba34b881fe218c8206839279

━━━━━━━━━━━━━━━━━━━━━━━━━━━━━━━━━━━━
✨ Codex YOLO Summary
━━━━━━━━━━━━━━━━━━━━━━━━━━━━━━━━━━━━
📊 PHPCS Results: 0.","COA | Web","","","","Medium",""
